"","term","estimate","std.error","statistic","df","p.value"
"1","(Intercept)",-7.19635533428765,3.08379390659852,-2.33360449895478,217.818415653267,0.0205278096240908
"2","HDI",14.3591496640901,6.93137060991351,2.07161764565772,35.3570856931653,0.0456585007207182
"3","WS",0.0380417537669142,0.00192029426502086,19.8103772217957,235.228533300574,0
"4","WUE",0.0505367129207978,0.015511425645764,3.25803147143981,30.1761483425214,0.00277520569064826
"5","NRI",-0.00136186919412592,0.000667115516561488,-2.04142934816656,216.586009342949,0.0424205878856452
"6","TPASDW",0.0325913242272829,0.0607749929948286,0.5362620811829,129.797033410011,0.592695300908568
